username,rating,comment,sp
t*****9,5,"Bแบกn nรo nghiแปn mua hรng online nhฦฐ mรฌnh thรฌ nรชn cรi App CASHBAG ฤแป ฤฦฐแปฃc hoรn tiแปn mua sแบฏm nhรฉ!
Nhแบญp mรฃ giแปi thiแปu FCSFQMB, bแบกn sแบฝ nhแบญn ngay 10k vรo tรi khoแบฃn. Tiแปn nรy bแบกn cรณ thแป mua hรng online hoแบทc rรบt vแป tรi khoแบฃn ngรขn hรng ฤรณ.
Trฦฐแปc giแป mua online nhiแปu lแบฏm luรดn mร nay mแปi biแบฟt app nรy :(((",[HCM] NESCAFE Cafรฉ Cร phรช sแปฏa ฤรก 200gam/hแปp (10 gรณi x 20g/gรณi)
l*****5,5,Hfwdbiffjoyesgnoydchjtecnkuedhkuewcjiyrgjutfhutfhutghh,[HCM] NESCAFE Cafรฉ Cร phรช sแปฏa ฤรก 200gam/hแปp (10 gรณi x 20g/gรณi)
nguyennguyenchon123,5,"Chแบฅt lฦฐแปฃng sแบฃn phแบฉm ngon tuyแปt vแปi, ฤรณng gรณi sแบฃn phแบฉm chแบฏc chฤn vร ฤแบนp mแบฏt, shop phแปฅc vแปฅ nhiแปt tรฌnh, giรก tiแปn sแบฃn phแบฉm vแปซa phแบฃi, thแปi gian giao hรng ฤรบng theo kแบฟ hoแบกch ฤแปnh ra, giao ฤรบng hแบนn",[HCM] NESCAFE Cafรฉ Cร phรช sแปฏa ฤรก 200gam/hแปp (10 gรณi x 20g/gรณi)
truyen0101,5,"Chแบฅt lฦฐแปฃng sแบฃn phแบฉm tuyแปt vแปi, ฤรณng gรณi sแบฃn phแบฉm chแบฏc chแบฏn vร ฤแบนp mแบฏt, shop phแปฅc vแปฅ tแบญn tinh, sแบฃn phแบฉm phรน hแปฃp giรก tiแปn, thแปi gian giao hรng ฤรบng theo kแบฟ hoแบกch vร ฤรบng hแบนn",[HCM] NESCAFE Cafรฉ Cร phรช sแปฏa ฤรก 200gam/hแปp (10 gรณi x 20g/gรณi)
buinamdinh78,5,"Giao hรng nhanh, nhรขn viรชn giao hรng thรขn thiรชn vui vแบป, cร phรช thฦกm, ฤรณng gรณi cแบฉn thแบญn, chแบฏc chแบฏn",[HCM] NESCAFE Cafรฉ Cร phรช sแปฏa ฤรก 200gam/hแปp (10 gรณi x 20g/gรณi)
k*****9,5,"รp mรฃ giแบฃm giรก Airpay cho ฤฦกn 0ฤ , shop ฤรณng gรณi ฤแบนp vร giao nhanh hรng ฤแบฟn tay khรกch hรng , rแบฅt cแบฃm ฦกn. ๐๐๐",[HCM] NESCAFE Cafรฉ Cร phรช sแปฏa ฤรก 200gam/hแปp (10 gรณi x 20g/gรณi)
m*****c,5,"Quร tแบทng tแปซ game Nรดng trแบกi Shopee ๐ chฤm chแป tฦฐแปi 1 tuแบงn, giao nhanh trong 24h๐ cแบฃm ฦกn Shopee nhรฉ โคโคโค",[HCM] NESCAFE Cafรฉ Cร phรช sแปฏa ฤรก 200gam/hแปp (10 gรณi x 20g/gรณi)
r*****1,5,"Sแบฃn phแบฉm แปn, phรน hแปฃp vแปi giรก tiแปn , ฤแปng gรณi sแบฃn phแบฉm chแบฏc chแบฏn, giao hรng nhanh chแปng, sแบฝ แปงng hแป lแบงn sau",[HCM] NESCAFE Cafรฉ Cร phรช sแปฏa ฤรก 200gam/hแปp (10 gรณi x 20g/gรณi)
tly_ngo,5,"Kแบฟt quแบฃ cรy bแปซa chฤm bแบซm. Cแบฃm ฦกn ฤแบกi ca shopee, cแบฃm ฦกn nhแปฏng ngฦฐแปi nรดng dรขn tแปt bแปฅng tฦฐแปi nฦฐแปc giรบp.",[HCM] NESCAFE Cafรฉ Cร phรช sแปฏa ฤรก 200gam/hแปp (10 gรณi x 20g/gรณi)
d*****7,5,"Sแบฃn phแบฉm แปn , phรน hแปฃp giรก tiแปn,giao hรng nhanh,ฤรณng gรณi sแบฃn phแบฉm chแบฏc chแบฏn,sแบฝ แปงng hแป lแบงn sau",[HCM] NESCAFE Cafรฉ Cร phรช sแปฏa ฤรก 200gam/hแปp (10 gรณi x 20g/gรณi)
o*****g,5,"Sแบฃn phแบฉm แปn , phรน hแปฃp giรก tiแปn,giao hรng nhanh,ฤรณng gรณi sแบฃn phแบฉm chแบฏc chแบฏn,sแบฝ แปงng hแป lแบงn sau",[HCM] NESCAFE Cafรฉ Cร phรช sแปฏa ฤรก 200gam/hแปp (10 gรณi x 20g/gรณi)
1*****7,5,Shop tฦฐ vแบฅn nhiแปt tรฌnh. Giao hรng ฤรบng mแบซu. Chuแบฉn bแป hรng nhanh. ฤรณng gรณi chแบฏc chแบฏn,[HCM] NESCAFE Cafรฉ Cร phรช sแปฏa ฤรก 200gam/hแปp (10 gรณi x 20g/gรณi)
anhthuyyx,5,"Cร phรช sแปฏa hรฒa tan NesCafe cร phรช sแปฏa ฤรก 3 in 1 hแปp 10 gรณi lร sแปฑ kแบฟt hแปฃp hoรn hแบฃo giแปฏa vแป ฤแบฏng ฤแบทc trฦฐng cแปงa cร phรช vร vแป bรฉo ngแปt thฦกm ngon cแปงa sแปฏa, mang ฤแบฟn cho bแบกn nhแปฏng tรกch cร phรช ฤแบญm ฤร khรณ cฦฐแปกng. Sแบฃn phแบฉm giรบp bแบกn khแปi ฤแบงu mแปt ngรy mแปi tฦฐฦกi vui vร nฤng ฤแปng hฦกn, tฤng cฦฐแปng khแบฃ nฤng tแบญp trung ",[HCM] NESCAFE Cafรฉ Cร phรช sแปฏa ฤรก 200gam/hแปp (10 gรณi x 20g/gรณi)
hannamy,5,Ship nhanh chแป mแบฅt mแปi Tiแปn ship shopee tแบกo ra sรขn chฦกi nรy rแบฅt hay 100% cรณ thฦฐแปng ,[HCM] NESCAFE Cafรฉ Cร phรช sแปฏa ฤรก 200gam/hแปp (10 gรณi x 20g/gรณi)
yenlinh3005,5,"Lแบงn ฤแบงu trแปng cรขy cafe vร nhแบญn ฤฦฐแปฃc thรnh quแบฃ, shop giao nhanh, ฤรณng gรณi chแบฏc chแบฏn",[HCM] NESCAFE Cafรฉ Cร phรช sแปฏa ฤรก 200gam/hแปp (10 gรณi x 20g/gรณi)
quoctan1977,5,ฤรณng gรณi sแบฃn phแบฉm rแบฅt ฤแบนp vร chแบฏc chแบฏn thรฒi gian giao hรn cแปฑc kแปณ nhanh sแบฃn phแบฉm ok,[HCM] NESCAFE Cafรฉ Cร phรช sแปฏa ฤรก 200gam/hแปp (10 gรณi x 20g/gรณi)
nguyenvanteo1000,5,ฤรฃ nhแบญn ฤฦฐแปฃc hรng rแปi nha. Cafe uแปng ngon lแบฏm รก. Chรบc shop bรกn ฤฦฐแปฃc nhiแปu hรng nha ๐๐,[HCM] NESCAFE Cafรฉ Cร phรช sแปฏa ฤรก 200gam/hแปp (10 gรณi x 20g/gรณi)
hongnguyen2601,5,"ฤรฃ nhแบญn ฤฦฐแปฃc hรng rแปi nhรฉ , do chแปn bรชn giao hรng rแบป nรชn ฤฦกn hรng nรy giao lรขu, shoppe thรฌ ฤรณng gรณi quรก แปn rแปi. Lรบc nรo cลฉng cรณ hแปp ฤรณng xแปn xรฒ, ",[HCM] NESCAFE Cafรฉ Cร phรช sแปฏa ฤรก 200gam/hแปp (10 gรณi x 20g/gรณi)
nguyen.hang_1988,5,Cafe ngon mรฌnh trแปng cรขy cรณ ฤฦฐแปฃc nhฦฐng nay shopee hk cho trแปng nhรฌu nแปฏa. buแปn..,[HCM] NESCAFE Cafรฉ Cร phรช sแปฏa ฤรก 200gam/hแปp (10 gรณi x 20g/gรณi)
hoai_dong,5,Quร tแบทng trแปng cรขy cแปงa shoppe. Cรกm ฦกn shoppe vร cรกc nhร tรi trแปฃ ฤแป mรฌnh cรณ cร phรช uแปng,[HCM] NESCAFE Cafรฉ Cร phรช sแปฏa ฤรก 200gam/hแปp (10 gรณi x 20g/gรณi)
vo.huy.cuong,5,Quร tแปซ Nรดng trแบกi Shopee. Uแปng rแบฅt rแบฅt ngon!! Ship hรng cแปฑc kแปณ nhanh chรณng. ,[HCM] NESCAFE Cafรฉ Cร phรช sแปฏa ฤรก 200gam/hแปp (10 gรณi x 20g/gรณi)
hominhtoan241183,5,"Chat luong sแบฃn phแบฉm tuyet voi
Giao hang rแบฅt nhanh
Shop uy tรญn chแบฅt luong
แปฆng hแป shop lรขu dรi",[HCM] NESCAFE Cafรฉ Cร phรช sแปฏa ฤรก 200gam/hแปp (10 gรณi x 20g/gรณi)
onlyalone,5,Giao hรng nhanh chรญnh xรกc vร an toรn nhแบฅt chแบฅt lฦฐแปฃng sแบฃn phแบฉm tแปt nhแบฅt ,[HCM] NESCAFE Cafรฉ Cร phรช sแปฏa ฤรก 200gam/hแปp (10 gรณi x 20g/gรณi)
datnguyen1301,5,Hรng chแบฅt lฦฐฦกng !!Hรng chแบฅt lฦฐฦกng !!Hรng chแบฅt lฦฐฦกng !!Hรng chแบฅt lฦฐฦกng !!Hรng chแบฅt lฦฐฦกng !!Hรng chแบฅt lฦฐฦกng !!Hรng chแบฅt lฦฐฦกng !!Hรng chแบฅt lฦฐฦกng !!Hรng chแบฅt lฦฐฦกng !!Hรng chแบฅt lฦฐฦกng !!Hรng chแบฅt lฦฐฦกng !!Hรng chแบฅt lฦฐฦกng !!Hรng chแบฅt lฦฐฦกng !!Hรng chแบฅt lฦฐฦกng !!Hรng chแบฅt lฦฐฦกng !!Hรng chแบฅt lฦฐฦกng !!Hรng chแบฅt lฦฐ,[HCM] NESCAFE Cafรฉ Cร phรช sแปฏa ฤรก 200gam/hแปp (10 gรณi x 20g/gรณi)
n*****9,5,Cร phรช sแปฏa nรy ngon lแบฏm lun. Trแปng cรขy thu hoแบกch kiแปu nรy thรญch dแป sแปฃ,[HCM] NESCAFE Cafรฉ Cร phรช sแปฏa ฤรก 200gam/hแปp (10 gรณi x 20g/gรณi)
thuhiendangkhoi,5,"Cafe ngon lแบฏm, ngรy nรo cแปงng 1 ly mแปi chแปu hehe, shop giao hรng nhanh",[HCM] NESCAFE Cafรฉ Cร phรช sแปฏa ฤรก 200gam/hแปp (10 gรณi x 20g/gรณi)
v*****8,5,"Chแบฅt lฦฐแปฃng sแบฃn phแบฉm tuyแปt vแปi
Thแปi gian giao hรng nhanh
Shop phแปฅc vแปฅ tแปt",[HCM] NESCAFE Cafรฉ Cร phรช sแปฏa ฤรก 200gam/hแปp (10 gรณi x 20g/gรณi)
yenlam0704,5,"Sแบฃn phแบฉm 0ฤ, nhแบญn ฤฦฐแปฃc tแปซ Nรดng Trแบกi Shopee, chแป bรน ship thรชm 6.000ฤ",[HCM] NESCAFE Cafรฉ Cร phรช sแปฏa ฤรก 200gam/hแปp (10 gรณi x 20g/gรณi)
leanhtu0712,5,"Sแบฃn phแบฉm uแปng ngon, ฤรณng gรณi chแบฏc chแบฏn vร giao nhanh. Sแบฃn phแบฉm tแปt",[HCM] NESCAFE Cafรฉ Cร phรช sแปฏa ฤรก 200gam/hแปp (10 gรณi x 20g/gรณi)
trinhngoc92,5,"Cร phรช sแปฏa ngon, uแปng riแบฟt ghiแปn luรดn uแปng loแบกi khรกc ko ฤฦฐแปฃc, hihi",[HCM] NESCAFE Cafรฉ Cร phรช sแปฏa ฤรก 200gam/hแปp (10 gรณi x 20g/gรณi)
thanhthuypham70,5,"Chแบฅt lฦฐแปฃng sแบฃn phแบฉm tuyแปt vแปi, thแปi gian chuแบฉn bแป hรng rแบฅt nhanh. ",[HCM] NESCAFE Cafรฉ Cร phรช sแปฏa ฤรก 200gam/hแปp (10 gรณi x 20g/gรณi)
ththth00,5,OK OK oK OK OK OK OK OK OK OK OK OK OK OK OK OK OK OK OK OK OK OK OK OK OK OK OK OK OK OK OK OK OK OK OK OK OK OK OK OK OK OK ,[HCM] NESCAFE Cafรฉ Cร phรช sแปฏa ฤรก 200gam/hแปp (10 gรณi x 20g/gรณi)
chisanahotaru,5,"Chแบฅt lฦฐแปฃng cแปงa sแบฃn phแบฉm tแปt, giao hรng nhanh, ฤรณng gรณi cแบฉn thแบญn",[HCM] NESCAFE Cafรฉ Cร phรช sแปฏa ฤรก 200gam/hแปp (10 gรณi x 20g/gรณi)
vanduong1,5,Shop giao hรng nhanh ฤรณng gรณi sแบฃn phแบฉm rแบฅt ฤแบนp vร chแบฏc chแบฏn... ,[HCM] NESCAFE Cafรฉ Cร phรช sแปฏa ฤรก 200gam/hแปp (10 gรณi x 20g/gรณi)
linh.gnt1995,5,"Chแบฅt lฦฐแปฃng sแบฃn phแบฉm tuyแปt vแปi, thแปi gian chuแบฉn bแป hรng nhanh. ",[HCM] NESCAFE Cafรฉ Cร phรช sแปฏa ฤรก 200gam/hแปp (10 gรณi x 20g/gรณi)
hoangyen811990,5,Nhแบญn dk cafe freeship thanks shop ฤรฃ tรi trแปฃ cho chฦฐฦกng trรฌnh,[HCM] NESCAFE Cafรฉ Cร phรช sแปฏa ฤรก 200gam/hแปp (10 gรณi x 20g/gรณi)
conan1409,5,"Chฦกi nรดng trแบกi trแปng cรขy cร phรช mแบฅt mแปt tuแบงn nhฦฐng lแบกi cรณ cร phรช ฤแป uแปng cแบฃ thรกng :D Trแปi nรณng nhฦฐ vแบญy mร uแปng cร phรช ฤรก thรฌ miแปn chรช >< Sแบฃn phแบฉm vแปซa ngon lแบกi vแปซa rแบป, ฤรณng gรณi cแบฉn thแบญn, giao hรng rแบฅt nhanh. ฤรกnh giรก 5 sao vร vรด cรนng hรi lรฒng  :'))))))))))). Thรกng nรo cรณ cรขy cร phรช mรฌnh ฤแปu trแปng hแบฟt",[HN] Hแปp 10 gรณi x 20g NESCAFE Cafรฉ Cร phรช sแปฏa ฤรก
lamborghiniver,5,"ฤฦฐแปฃc lรm tแปซ 100% nhแปฏng hแบกt cร phรช Viแปt Nam chแบฅt lฦฐแปฃng cรนng chฦฐฦกng trรฌnh THE NESCAFร PLAN, NESCAFร Cร PHร SแปฎA ฤร 3in1 tแปฑ hรo mang ฤแบฟn cho bแบกn mแปt LY Cร PHร SแปฎA ฤร THUแบฆN TรY VIแปT NAM vแปi HฦฏฦNG Vแป Cร PHร MแบNH Mแบผ, kแบฟt hแปฃp vแปi Vแป BรO dแปu nhแบน cแปงa sแปฏa thแบญt, ngon nhฦฐ Cร PHร PHIN pha SแปฎA ฤแบถC.
 Khแปi ฤแบงu mแปt ",[HN] Hแปp 10 gรณi x 20g NESCAFE Cafรฉ Cร phรช sแปฏa ฤรก
hanhnth62,5,"Chฦกi nรดng trแบกi trแปng cรขy cร phรช mแบฅt mแปt tuแบงn nhฦฐng lแบกi cรณ cร phรช ฤแป uแปng cแบฃ thรกng :D Trแปi nรณng nhฦฐ vแบญy mร uแปng cร phรช ฤรก thรฌ miแปn chรช >< Sแบฃn phแบฉm vแปซa ngon lแบกi vแปซa rแบป, ฤรณng gรณi cแบฉn thแบญn, giao hรng rแบฅt nhanh. ฤรกnh giรก 5 sao vร vรด cรนng hรi lรฒng  :'))))))))))). Thรกng nรo cรณ cรขy cร phรช mรฌnh ฤแปu trแปng hแบฟt",[HN] Hแปp 10 gรณi x 20g NESCAFE Cafรฉ Cร phรช sแปฏa ฤรก
t*****_,5,แปฆng hแป shop lรขu dรiiiiiiiiiiiiiiiiiiiiiiiiiiiiiiiiiiiiiiiiiiiiiiiiiiiiiiiiiiiiiiiiiiiiiii hihihi,[HN] Hแปp 10 gรณi x 20g NESCAFE Cafรฉ Cร phรช sแปฏa ฤรก
huynh2305,5,Shop giao hรng nhanh. ฤรณng gรณi sแบฃn phแบฉm rแบฅt chฤccchawns. Sแบฝ cรฒn mua hรng แปงng hแป shop,[HN] Hแปp 10 gรณi x 20g NESCAFE Cafรฉ Cร phรช sแปฏa ฤรก
quynh2304,5,"ฤรฃ nhแบญn ฤc hรng, giao hรng siรชu siรชu nhanh, trแปng cรขy ddc mรฃ gg nรชn mua, lแบงn thแปฉ 2 ฤc rแปi nรชn cลฉng ko cรณ gรฌ mแปi lแบก cแบฃ, sแบฝ tiแบฟp tแปฅc trแปng cรขy hehehe",[HN] Hแปp 10 gรณi x 20g NESCAFE Cafรฉ Cร phรช sแปฏa ฤรก
minhtuan15,5,"thรnh quแบฃ sau bao nhiรชu ngรy trแปng cรขy. rแบฅt vui. cam ฦกn shope nhรฉ. mแปi ngฦฐแปi tรญch cแปฑc choi ฤi nhรฉ ๐ ๐ ๐ ๐ ๐
Hรฌ vแปng lแบงn thแปฉ mแบฅy trong ฤรณ cรณ mแปt ngฦฐแปi ฤรn รดng nรy lร do sแปฑ phรกt triแปn kinh tแบฟ cแปงa Viแปt Nam trong thแปi gian sแปm cho mรฌnh hแปi lร mแปt trong cรกc trฦฐแปng hแปฃp vi phแบกm phรกp luแบญt cแปงa mรฌnh tron",[HN] Hแปp 10 gรณi x 20g NESCAFE Cafรฉ Cร phรช sแปฏa ฤรก
lannguyenduong,5,Shop giao hรng nhanh chรณng. Phแปฅc vแปฅ nhiแปt tรฌnh. ฤรณng gรณi sแบฃn phแบฉm cแบฉn thแบญn chแบฏc chแบฏn. Sแบฃn phแบฉm chแบฅt lฦฐแปฃng tแปt.sแบฝ tiแบฟp tแปฅc แปงng hแป shop.,[HN] Hแปp 10 gรณi x 20g NESCAFE Cafรฉ Cร phรช sแปฏa ฤรก
h*****1,5,Chaฬฬt luฬoฬฬฃng saฬn phaฬฬm tuyeฬฃฬt voฬฬi . ฤoฬng goฬi saฬn phaฬฬm raฬฬt ฤeฬฃp vaฬ chaฬฬc chaฬฬn . Shop phuฬฃc vuฬฃ raฬฬt toฬฬt . Raฬฬt ฤaฬng tieฬฬn . Thoฬฬi gian giao haฬng raฬฬt nhanh . Raฬฬt uฬng yฬ saฬn phaฬฬm miฬnh nhaฬฃฬn ฤuฬoฬฬฃc .,[HN] Hแปp 10 gรณi x 20g NESCAFE Cafรฉ Cร phรช sแปฏa ฤรก
t*****0,5,"Thแปi gian giao hรng rแบฅt nhanh, ฤรณng gรณi sแบฃn phแบฉm rแบฅt chแบฏc chแบฏn, cafe uแปng ngon khรดng bแป ฤแบทc quรก, cแบฃm ฦกn shopee ฤรฃ kแบฟt hแปฃp vแปi shop tแบกo trรฒ chฦกi khรก thรบ vแป nรชn mรฌnh mแปi ฤฦฐแปฃc thฦฐแปng thแปฉc nhiu cafe",[HN] Hแปp 10 gรณi x 20g NESCAFE Cafรฉ Cร phรช sแปฏa ฤรก
n*****7,5,1903510279501519035102795015190351027950151903510279501519035102795015190351027950151903510279501519035102795015,[HN] Hแปp 10 gรณi x 20g NESCAFE Cafรฉ Cร phรช sแปฏa ฤรก
m*****6,5,Sแบฃn phแบฉm giแปng hรฌnh .ฤc 10 gรณi thรดi .nghe vแบป ฤแบฏt hฦกn cafe g7 kb do ฤรขy bรกn giรก cao hฦกn hay cafe nรy giรก cao hฦกn ,[HN] Hแปp 10 gรณi x 20g NESCAFE Cafรฉ Cร phรช sแปฏa ฤรก
oanhnguyendhf2017,5,"ฤรฃ nhแบญn ฤฦฐแปฃc hรng vร hรi lรฒng vแป sแบฃn phแบฉm, sแบฃn phแบฉm ฤรบng nhฦฐ mรด tแบฃ , vote shop 5 sao cho chแบฅt lฦฐแปฃng vร dแปch vแปฅ.",[HN] Hแปp 10 gรณi x 20g NESCAFE Cafรฉ Cร phรช sแปฏa ฤรก
phuongvu186,5,https://games.shopee.vn/universal-link/farm/share.html?skey=12b40ccf442019740c208d6bf1c9e0f1&schannel=copyLink,[HN] Hแปp 10 gรณi x 20g NESCAFE Cafรฉ Cร phรช sแปฏa ฤรก
n*****2,5,"Chแบฅt lฦฐแปฃng sp tแปt, ฤรฃ mua cแปงa shop nhiแปu lแบงn, giao hรng nhanh. Sแบฝ แปงng hแป shop lรขu dรi. 
Chรบc shop ฤแบฏt hรng ",[HN] Hแปp 10 gรณi x 20g NESCAFE Cafรฉ Cร phรช sแปฏa ฤรก
monkeyhouse,5,Mรฌnh ฤรฃ trแปng cร phรช nhiแปu lแบงn thu hoแบกch cแปงa chฦฐฦกng trรฌnh nรดng trแบกi shopee. Rแบฅt vui luรดn nhร giแป 20 hแปp รฝ.,[HN] Hแปp 10 gรณi x 20g NESCAFE Cafรฉ Cร phรช sแปฏa ฤรก
mndbhdj38,5,Cร phรช ngon mแปi ngฦฐแปi nha. Thรญch nhแบฅt lร ฤc mua giรก 0ฤ nhฦฐng mรฌnh tแปnh lแบป nรชn ship vแบซn mแบฅt 6k. ,[HN] Hแปp 10 gรณi x 20g NESCAFE Cafรฉ Cร phรช sแปฏa ฤรก
bepnguyen,5,Ngolllllll แบก. Giao nhanh. Vร lร hรng ฤc tแบทng nรชn cรng ko cรณ รฝ kiแบฟn gรฌ thรชm hi hi hi hi hi hi hi hi,[HN] Hแปp 10 gรณi x 20g NESCAFE Cafรฉ Cร phรช sแปฏa ฤรก
t*****7,5,"Trแปng cรขy shopee, miแปn phรญ vแบญn chuyแปn, cรกc chฦฐฦกng trรฌnh cแปงa shopee rแบฅt tแปt.",[HN] Hแปp 10 gรณi x 20g NESCAFE Cafรฉ Cร phรช sแปฏa ฤรก
nguyetha102,5,Chแบฅt lฦฐแปฃng sแบฃn phแบฉm tuyแปt vแปi. Giao hรng nhanh. Shop nhiแป tรฌnh cรณ trรกch nhiแปm,[HN] Hแปp 10 gรณi x 20g NESCAFE Cafรฉ Cร phรช sแปฏa ฤรก
bean8991,5,"Thแปi gian giao hรng nhanh, ฤรณng gรณi ฤepj vร chแบฏc chแบฏn, shipper thรขn thiแปn.",[HN] Hแปp 10 gรณi x 20g NESCAFE Cafรฉ Cร phรช sแปฏa ฤรก
tieu_phong219,5,"Giao hรng lรขu , hรng cแปงa shop mall nรชn vรด cรนng yรชn tรขm ฤรณng gรณi cแบฉn thแบญn",[HN] Hแปp 10 gรณi x 20g NESCAFE Cafรฉ Cร phรช sแปฏa ฤรก
l*****t,5,Lแบงn ฤแบงu tiรชn trแปng ฤฦฐแปฃc cรขy cafe แบก.chแบฟt mแบฅy lแบงn rแปi. Giao hรng nhanh .,[HN] Hแปp 10 gรณi x 20g NESCAFE Cafรฉ Cร phรช sแปฏa ฤรก
tran.ngocanh28,5,"Giao hรng nhanh, bรกnh ngon แบก............................",[HN] Hแปp 10 gรณi x 20g NESCAFE Cafรฉ Cร phรช sแปฏa ฤรก
diemdung_95.,5,"Trแปng cรขy ฤแบฟn ngรy thu hoack, cแบฃm ฦกn shopee แบฅdฤffffffddddddffffffffdddsss",[HN] Hแปp 10 gรณi x 20g NESCAFE Cafรฉ Cร phรช sแปฏa ฤรก
phamxuandunghd1410,5,"giรก cแบฃ hแบฅp dแบซn, vแบญn chuyแปn nhanh chรณng, shopeeeeeeeeeeeeeee tuyแปt vแปi",[HN] Hแปp 10 gรณi x 20g NESCAFE Cafรฉ Cร phรช sแปฏa ฤรก
bichrieushop,5,"Giao hรng nhanh, m trแปng cรขy cร phรช nรชn k mata xรจng. Thanks shopeee",[HN] Hแปp 10 gรณi x 20g NESCAFE Cafรฉ Cร phรช sแปฏa ฤรก
vanphivu,5,"Hแปp bแป mรฉo kha khรก. Shop ko chรจn thรชm chแปng sแปc nรชn bแป vแบญy. Mร chแบฏc cลฉng do bรชn vแบญn chuyแปn. 
Cafe hฦกi ngแปt. Pha thรชm nhiแปu ฤรก thรฌ ฤแปก.",[HN] Hแปp 10 gรณi x 20g NESCAFE Cafรฉ Cร phรช sแปฏa ฤรก
avv124,5,Djsusvdhdhdjjddjjdjdjdjjdjdjdjhdhdhdhdhdhdhhhhdhdhhhshshhsฦฐdjdjdjdjdjdjdjdjdhdhdhhdhdhdhxjhdheejjdhhdhjdjdhshhd,[HN] Hแปp 10 gรณi x 20g NESCAFE Cafรฉ Cร phรช sแปฏa ฤรก
nguyentramy21,5,"Cรphe tแปซ nรดng trแบกi shopee ,giรก tแปt ,sแบฝ แปงng hแป tiแบฟp................",[HN] Hแปp 10 gรณi x 20g NESCAFE Cafรฉ Cร phรช sแปฏa ฤรก
n*****4,5,"Trแปng cรขy ฤฦฐแปฃc cรe, sฤn giแป canh mรฃ nรณi chung lร rแบฅt vui luรดn แบก.",[HN] Hแปp 10 gรณi x 20g NESCAFE Cafรฉ Cร phรช sแปฏa ฤรก
g*****a,5,Shop giao hรng siรชu nhanh ฤรณng hรng cแบฉn thแบญn. Sแบฃn phแบฉm nhฦฐ hรฌnh,[HN] Hแปp 10 gรณi x 20g NESCAFE Cafรฉ Cร phรช sแปฏa ฤรก
h*****a,5,Hรng giao nhanh.mรฌnh uแปng rแบฅt nhiแปu vร cลฉg rแบฅt hแปฃp vแปi loaoj nรy.,[HN] Hแปp 10 gรณi x 20g NESCAFE Cafรฉ Cร phรช sแปฏa ฤรก
trhang99,5,"Chแบฏc Do ฤฦกn cแปงa mk bแป sรณt nรชn giao hฦกi lรขu, nhฦฐng shop ฤรฃ khแบฏc phแปฅc tแปt khi mk thแบฏc mแบฏc. Cรฒn cafe sแปฏa thรฌ ngon tuyแปt nhรฉ. Tแปซ nรดng trแบกi shoppe. ",[HN] Hแปp 10 gรณi x 20g NESCAFE Cafรฉ Cร phรช sแปฏa ฤรก
lambee269,5,"Sแบฃn phแบฉm chแบฅt lฦฐแปฃng, giao hรnh nhanh, ฤรณng gรณi sแบฃn phแบฉm chแบฏc chแบฏn..................",[HN] Hแปp 10 gรณi x 20g NESCAFE Cafรฉ Cร phรช sแปฏa ฤรก
thinhnguyen485,5,ฤรฃ nhแบญn ฤฦฐแปฃc hรng.Trแปng cรขy nhแบญn hรng.quรก lร ok.thank shopee,[HN] Hแปp 10 gรณi x 20g NESCAFE Cafรฉ Cร phรช sแปฏa ฤรก
9*****g,5,"Sแบฃn phแบฉm ฤรณng gรณi quรก ฦฐng luรดn, cแบฉn thแบญn quแบฅn mแบฅy lฦฐแปฃt bแปc thแปฑc phแบฉm rแปi bแปc chแปng xรณc. Mแปi lแบงn mk mua toรn cรณ mแปi miแบฟng xแปp, vc hแปp bรณp mรฉo nhฦฐng khรขu ฤรณng gรณi lแบงn nรy quรก perfect. Giao hรng nhanh, date dรi hแบกn tแบญn 7 thรกng nแปฏa mแปi hแบฟt. Bรกnh ฤn khรก ngแปt nรชn mk toรn cho ngฤn ฤรก ฤรดng lแบกnh cho ฤแปก ngแปt.",[HN] Bรกnh Quy Oreo Phแปง Sรดcรดla Sแปฏa 150g
tulg09,5,"Tฦฐแปng dc 3 phong, hoรก ra dc 3 thanh, mแปi cรกi hรฌnh nhฦฐ cรณ 3 chiแบฟc. Nhg bรกnh rแบฅt ngon, cรกc bแบกn nhแป nhร mรฌnh rแบฅt thรญch",[HN] Bรกnh Quy Oreo Phแปง Sรดcรดla Sแปฏa 150g
minh191260,5,"Bรกnh ฤn cลฉng ฤฦฐแปฃc, socola bแปc quanh gแบงn giแปng socola ฤแปng tiแปn, mแปt hแปฃp cรณ 3 tรบi nhแป bรกnh, mแปi tรบi lแบกi cรณ 3 cรกi bรกnh",[HN] Bรกnh Quy Oreo Phแปง Sรดcรดla Sแปฏa 150g
l*****g,5,"Chแบฅt lฦฐแปฃng sแบฃn phแบฉm tแปt
ฤรณng gรณi sแบฃn phแบฉm chแบฏc chแบฏn
Thแปi gian giao hรng nhanh ",[HN] Bรกnh Quy Oreo Phแปง Sรดcรดla Sแปฏa 150g
vn5852_12509,5,"BGxhxhxjxhxhxhxhxhhxhxxhxhhxhxhxhx,hbxhchxhhxhxxhhxhxhxhxbxbxbxhxjxhxhx",[HN] Bรกnh Quy Oreo Phแปง Sรดcรดla Sแปฏa 150g
kina023,5,"quร ฤแปi ฤฦฐแปฃc tแปซ game Nรดng trแบกi cแปงa shopee, ngon lแบฏm แบก, giao hรng nhanh",[HN] Bรกnh Quy Oreo Phแปง Sรดcรดla Sแปฏa 150g
ngocanh190198,5,Okelaaaaaaaaaaaaaalllllaaaaaaaaaaaaaaaaaaaaaaaaaaa,[HN] Bรกnh Quy Oreo Phแปง Sรดcรดla Sแปฏa 150g
n*****2,5,"ฤรขyy lร thรnh quแบฃ sau 2 thรกng trแปng cรขy cแปงa em. Shop gรณi hรng rแบฅt chแบฏc chแบฏn cรณ xแปp ฤแป ฤแปก bแป chรจn hรng nรกt bรกnh,thแปฑc sแปฑ rแบฅt thรญch Shopp.Shop phแปฅc vแปฅ rแบฅt tแปt,trแบฃ lแปi thแบฏc mแบฏc cแปงa khรกch rแบฅt nhanh.Shop giao hรng nhanh chรณng. Bรกnh rแบฅt ngon,date mแปi thรญch quรก๐๐.Mแปi ngฦฐแปi nรชn mua.๐",[HN] Bรกnh Quy Oreo Phแปง Sรดcรดla Sแปฏa 150g
d*****8,5,"Giao hรng nhanh, chแบฅt lฦฐแปฃng sแบฃn phแบฉm tแปt, sแบฝ mua lแบกi sแบฃn phแบฉm vรo lแบงn tiแบฟp",[HN] Bรกnh Quy Oreo Phแปง Sรดcรดla Sแปฏa 150g
hatrang17122000,5,"Bรกnh ngon, ngแปt, phแบฃi ฤแป tแปง lแบกnh ฤแป cho phแบงn socola bรชn ngoรi cแปฉng vรo mแปi ngon",[HN] Bรกnh Quy Oreo Phแปง Sรดcรดla Sแปฏa 150g
nguyenthao293,5,"Shop gรณi hรng cแบฉn thแบญn. Vรฌ hแบฟt milo mแปi mua chแปฉ ฤn chรกn vl, lแบกi รญt nแปฏa",[HN] Bรกnh Quy Oreo Phแปง Sรดcรดla Sแปฏa 150g
mykite1,5,Trแปnggg cรขyyyy ๐๐๐ bรกnhhhh ngแปtttttt lแบฏmmmmm hjskaksksbzvzhsjsoaolanbsvsgshiaoakakabahshsisks,[HN] Bรกnh Quy Oreo Phแปง Sรดcรดla Sแปฏa 150g
huongmerry14072000,5,"Mแปi ngฦฐแปi ฦกi, mแปi ngฦฐแปi ฦกi, nรชn mua nรชn mua แบก, Love you!!!!!!!",[HN] Bรกnh Quy Oreo Phแปง Sรดcรดla Sแปฏa 150g
hoang_giang_nguyen,5,"Thแปi tiแบฟt nรy lรm lแปp socola bรชn ngoรi chแบฃy xรญu. Giao hรng nhanh, bรกnh ngon",[HN] Bรกnh Quy Oreo Phแปง Sรดcรดla Sแปฏa 150g
t*****a,5,"ฤรขy lร thรnh quแบฃ sau 2 thรกng trแปng cรขy . Shop gรณi hรng rแบฅt chแบฏc chแบฏn cรณ xแปp ฤแป ฤแปก bแป chรจn hรng nรกt bรกnh , thแปฑc sแปฑ rแบฅt thรญch Shopp.Shop phแปฅc vแปฅ rแบฅt tแปt , trแบฃ lแปi thแบฏc mแบฏc cแปงa khรกch rแบฅt nhanh.Shop giao hรng nhanh chรณng . Bรกnh rแบฅt ngon , date mแปi dรi.Mแปi ngฦฐแปi nรชn mua shop phแปฅc vแปฅ tuyแปt vแปi",[HN] Bรกnh Quy Oreo Phแปง Sรดcรดla Sแปฏa 150g
tuyettotbung,5,"Giao hรng nhanh, ฤรณng gรณi cแบฉn thแบญn, ฤn cลฉng ฤฦฐแปฃc, nhฦฐng vแบซn thรญch milo hฦกn",[HN] Bรกnh Quy Oreo Phแปง Sรดcรดla Sแปฏa 150g
uyentb12,5,"Chแบฅt lฦฐแปฃng sแบฃn phรขme tuyแปt vแปi , ฤรณng gรณi sแบฃn phแบฉm chแบฏc chแบฏn , giao hรng nhanh",[HN] Bรกnh Quy Oreo Phแปง Sรดcรดla Sแปฏa 150g
vulanhuong96,5,"Sแบฃn phแบฉm tแปt
Shop phแปฅc vแปฅ tแปt
Giรกo hรng nhanh
Chแบฅt lฦฐแปฃng sแบฃn phแบฉm tแปt",[HN] Bรกnh Quy Oreo Phแปง Sรดcรดla Sแปฏa 150g
t*****k,5,"Hแปp hฦกi nhแป, cรณ chรบt bแบฅt ngแป 
Cรณ chรบt trแปฅc trแบทc trong lรบc giao hรng",[HN] Bรกnh Quy Oreo Phแปง Sรดcรดla Sแปฏa 150g
akixinh,5,sแบฃn phแบฉm chแบฅt lฦฐแปฃng tแปt. giao hรng nhanh.mรฃ giแบฃm giรก rแบฅt tuyแปt vแปi,[HN] Bรกnh Quy Oreo Phแปง Sรดcรดla Sแปฏa 150g
uht0180,5,"Bรกnh ngon lแบฏm luรดn รญ,date vแบซn cรฒn lรขu,mแบฅt cรณ 6k mร ฤรฃ cรณ bรกnh siรชu ngon rรนii.",[HN] Bรกnh Quy Oreo Phแปง Sรดcรดla Sแปฏa 150g
n*****1,5,Ngon ngon ngon ngon Ngon ngon ngon ngon Ngon ngon ngon ngon ^^,[HN] Bรกnh Quy Oreo Phแปง Sรดcรดla Sแปฏa 150g
thaoanhca2303,5,Sjagaja mjkhahjab jjsgikwbjs รขmhacajsvzmshajja javanahsjfaba a,[HN] Bรกnh Quy Oreo Phแปง Sรดcรดla Sแปฏa 150g
harin3105,5,Hรng tแปt ฤn tแบกm ฤฦฐแปฃc hihihibibijhkjhjbjbdkfjsmjfnfgfkdmcjvg,[HN] Bรกnh Quy Oreo Phแปง Sรดcรดla Sแปฏa 150g
d*****9,5,"Giao hรng siรชu nhanh, ฤรณng gรณi cแปฑc kแปณ cแบฉn thแบญn. Hรng chรญnh hรฃng yรชn tรขm dรนng. Sแบฝ แปงng hแป shop dรi :)",[HN] Bรกnh Quy Oreo Phแปง Sรดcรดla Sแปฏa 150g
nga27082003,5,"Shop ฤรณng gรณi cแบฉn thแบญn, giao hรng nhanh, bรกnh ฤn ngon.......",[HN] Bรกnh Quy Oreo Phแปง Sรดcรดla Sแปฏa 150g
p*****7,5,ฤรณng gรณi sแบฃn phแบฉm nhanh giao hรnh nhanh chแบฅt lฦฐแปฃng tแปt ๐๐๐๐๐๐,[HN] Bรกnh Quy Oreo Phแปง Sรดcรดla Sแปฏa 150g
luongmy811,5,"Thรnh quแบฃ lรm nรดng dรขn, tฦฐแปi nฦฐแปc rแบฅt lรขu nay mแปi ฤฦฐแปฃc hรกi quแบฃ.",[HN] Bรกnh Quy Oreo Phแปง Sรดcรดla Sแปฏa 150g
anhngoc_997,5,"Mรฌnh nhแบญn quร tแปซ nรดng trแบกi shopee, ฤแบทt ฤรบng hรดm cรณ mรฃ freeship nรชn k mแบฅt phรญ vแบญn chuyแปn 
Cรกc bแบกn ฤแปฃi mรฃ mpvc r ฤแบทt nha",[HN] Bรกnh Quy Oreo Phแปง Sรดcรดla Sแปฏa 150g
meomupmip1986,5,"Bรกnh ngon, shop giao hรng nhanh, ฤรณng gรณi hแบฟt sแปฉc cแบฉn thแบญn,rแบฅt hรi lรฒng",[HN] Bรกnh Quy Oreo Phแปง Sรดcรดla Sแปฏa 150g
may_bee,5,"Bแปn trแบป con cรณ vแบป thรญch bรกnh phแปง socola, vแป chรฉn hแบฟt veo, cแบฃm ฦกn shopee",[HN] Bรกnh Quy Oreo Phแปง Sรดcรดla Sแปฏa 150g
tuanloantyl,5,"Shop phแปฅc vแปฅ tแปt giao hรng nhanh
Shop phแปฅc vแปฅ tแปt giao hรnh nhanh",[HN] Bรกnh Quy Oreo Phแปง Sรดcรดla Sแปฏa 150g
p*****.,5,"Mik chฦฐa thแปญ, nhฦฐng chแบฏc nรณ sแบฝ ngon:)))))))))))))))))))))",[HN] Bรกnh Quy Oreo Phแปง Sรดcรดla Sแปฏa 150g
minhducdo2005,5,Okkkkkkkkkkkjkkjkkkkkkkkjjjjjjjjjjjjkkkkjkjjjjjkjjjj,[HN] Bรกnh Quy Oreo Phแปง Sรดcรดla Sแปฏa 150g
minhthuanpham,5,"Bรกnh ngon, giao hรng nhanh. ฤรณng gรณi ฤแบนp mแบฏt. Rแบฅt ฤรกng tiแปn. ",[HN] Bรกnh Quy Oreo Phแปง Sรดcรดla Sแปฏa 150g
t*****0,5,"Chแบฅt lฦฐแปฃng sแบฃn phแบฉm tuyแปt vแปi, ฤรณng gรณi cแบฉn thแบญn, cแบฃm ฦฐn shop nhรฌu nghen ",[HN] Hแปp 10 gรณi x 20g NESCAFE Cร Phรช Sรด Cรด La
huyenanh02.,5,"ฤรฃ nhแบญn ฤc hรng 
Chia seฬ ฤรชฬ baฬฃn beฬ phuฬฃ tฦฐฦกฬi cรขy nheฬ! https://games.shopee.vn/universal-link/farm/share.html?skey=8b79179b26f4fe2f97266c8ed6efe439&schannel=copyInfo",[HN] Hแปp 10 gรณi x 20g NESCAFE Cร Phรช Sรด Cรด La
i*****2,5,"Khi nhรฌn thแบฅy hรng thรฌ mรฌnh rแบฅt bแบฅt ngแป๐ฉ,hแปp ngoรi thรฌ mรณp mรฉo mรณ
Hแปp cร phรช thรฌ bแป xรฉ rรกch vร mแป sแบตn rแปi 10g cf cลฉng bแป nhรu nรกt hแบฟt trฦกn
shop nรณi ฤแปi trแบฃ nhฦฐng thรดi mแบฅt cรณ 6k ship tแปซ game nรดng trแบกi,mong shop lแบงn sau chรบ รฝ hฦกn trong khรขu ฤรณng gรณi",[HN] Hแปp 10 gรณi x 20g NESCAFE Cร Phรช Sรด Cรด La
dieungoc,5,"Cร phรช thรnh quแบฃ cแปงa tฦฐแปi cรขy nรจ, cf socola rแบฅt thฦกm , lแบกi ngแบญy vแป socola, uแปng lแบก mร hay hay รญ, Nes phiรชn bแบฃn nรo cลฉng ngon",[HN] Hแปp 10 gรณi x 20g NESCAFE Cร Phรช Sรด Cรด La
lala.haze,5,Thรnh quแบฃ cรขy cร phรช. Thฦกm bรฉo ngon ngแปt. ฤรณng gรณi rแบฅt chแบฏc chแบฏn,[HN] Hแปp 10 gรณi x 20g NESCAFE Cร Phรช Sรด Cรด La
ngoc_huyen9393,5,Thรnh quแบฃ cแปงa viแปc trแปng cรขy chฤm chแป. Cแบฃm ฦกn shopee nhiแปu lแบฏm. ฤรณng gรณi cแบฉm thแบญn chแบฏc chแบฏn mร giao hรng cลฉng nhanh nแปฏa,[HN] Hแปp 10 gรณi x 20g NESCAFE Cร Phรช Sรด Cรด La
khiconlonton92,5,ฤฦฐแปฃc thu hoแบกch rแบฅt nhiแปu cร phรช tแปซ nรดng trแบกi vui vแบป. Game hay lแบกi ฤฦฐแปฃc quร. Cร phรช ngon uแปng siรชu thรญch,[HN] Hแปp 10 gรณi x 20g NESCAFE Cร Phรช Sรด Cรด La
c*****2,5,Giao hรng siรชu nhanh. Mแปi ฤแบทt lรบc 21h hรดm qua mร sรกng nay ฤรฃ giao. Thรnh quแบฃ trแปng cรขy shopeee,[HN] Hแปp 10 gรณi x 20g NESCAFE Cร Phรช Sรด Cรด La
mailoan.ko,5,Thu hoแบกch nรดng trแบกi nรชn mua. Mรฌnh thรญch uแปng cf ฤแบญm ฤแบทc nรชn uแปng mรณn nรy bแป ngแปt quรก,[HN] Hแปp 10 gรณi x 20g NESCAFE Cร Phรช Sรด Cรด La
icyheart3108,5,Chฦฐa thแปญ khรดng biแบฟt uแปng ngon khรดng nแปฏa. Nhฦฐng shop ฤรณng gรณi vร giao nhanh lแบฏm แบก,[HN] Hแปp 10 gรณi x 20g NESCAFE Cร Phรช Sรด Cรด La
vantdieuhuong,5,"Shop giao hรng nhanh chรณng vร chรญnh xรกc ฤรณng gรณi cแบฉn thแบญn, sแบฃn phแบฉm nhฦฐ hรฌnh แบก",[HN] Hแปp 10 gรณi x 20g NESCAFE Cร Phรช Sรด Cรด La
vn3830_20902,5,ฤรณng gรณi cแบฉn thแบญn vร chแบฏc chแบฏn. Chแบฅt lฦฐแปฃng sแบฃn phแบฉm tuyแปt vแปi. Shop giao hรng nhanh,[HN] Hแปp 10 gรณi x 20g NESCAFE Cร Phรช Sรด Cรด La
tuyettotbung,5,"Giao hรng nhanh, ฤรณng gรณi cแบฉn thแบญn, date xa 6/2021, cafe thฦกm, dแป uแปng",[HN] Hแปp 10 gรณi x 20g NESCAFE Cร Phรช Sรด Cรด La
halanphuongthuy,5,Cร phรช ngon. Vแปซa rแบป vแปซa ngon lแบกi cรฒn ฤฦฐแปฃc khuyแบฟn mแบกi giแบฃm giรก nแปฏa nรชn cรดng sแปฉc cแปงa trแปng cรขy lร ฤรขy ๐๐๐๐๐๐๐๐. Sแบฝ แปงng hแป shop dรi dรi dรi dรi dรi dรi dรi dรi dรi dรi dรi,[HN] Hแปp 10 gรณi x 20g NESCAFE Cร Phรช Sรด Cรด La
kynsoul,5,"ฤรณng gรณi sแบฃn phแบฉm rแบฅt ฤแบนp vร chแบฏc chแบฏn
Thแปi gian giao hรng rแบฅt nhanh",[HN] Hแปp 10 gรณi x 20g NESCAFE Cร Phรช Sรด Cรด La
nguyenthang0198,5,"Giao hรng nhanh, ฤรณng gรณi chแบฏc chแบฏn, chแบฅt lฦฐแปฃng sแบฃn phแบฉm tuyแปt vแปi",[HN] Hแปp 10 gรณi x 20g NESCAFE Cร Phรช Sรด Cรด La
a*****1,5,"Quร tแบทng nรดng trแบกi Shop giao hรng nhanh, sp ฤรณng gรณi cแบฉn thแบญn. ",[HN] Hแปp 10 gรณi x 20g NESCAFE Cร Phรช Sรด Cรด La
l*****h,5,"Cรดng sแปฉc trแปng cรขy cรณ ngรy hรกi quแบฃ, uแปng ngon, ฤฦฐแปฃc miแปn ship. ",[HN] Hแปp 10 gรณi x 20g NESCAFE Cร Phรช Sรด Cรด La
ngocanh190198,5,Okilaaalallalallalallalaaaaaaaaaaaaaaaaaaaaaaaaaaaaaaaaaaaaaa,[HN] Hแปp 10 gรณi x 20g NESCAFE Cร Phรช Sรด Cรด La
dominhhongls,5,Chฦกi nรดng trแบกi nรชn ฤฦฐแปฃc. Rแบฅt hรi lรฒng. Giao hรng siรชu nhanh ๐,[HN] Hแปp 10 gรณi x 20g NESCAFE Cร Phรช Sรด Cรด La
j*****8,5,https://games.shopee.vn/universal-link/farm/share.html?skey=ead3264a21c67b7a7a2e5787e7be02f4&schannel=copyLink,[HN] Hแปp 10 gรณi x 20g NESCAFE Cร Phรช Sรด Cรด La
nguyenhai060519,5,Chฦกi nรดng trแบกi ฤฦฐแปฃc quร nรชn chแป mแบฅt thรชm 6k tiแปn ship. ฤแป uแปng cลฉng rแบฅt ok,[HN] Hแปp 10 gรณi x 20g NESCAFE Cร Phรช Sรด Cรด La
khongcotienmuacqq,5,Ngon lแบฏm nhฦฐng cลฉng cรณ khi do mรฌnh lรm ra sแบฃn phแบฉm tแปt tแปt hฦกn nhiแปu so sรกnh thรฌ phแบฃi nรณi lร cรณ thแป dรนng cho cรดng viแปc cแปงa hแป lร ngฦฐแปi ta ,[HN] Hแปp 10 gรณi x 20g NESCAFE Cร Phรช Sรด Cรด La
linh_tuns,5,Godddddddddฤggggggggggggggggggggggggggggggggggggggggggggggggggggggggggggggggggggggggg,[HN] Hแปp 10 gรณi x 20g NESCAFE Cร Phรช Sรด Cรด La
nuongluong99,5,Giao hรng  siรชu siรชu nhanh luรดn. ฤรณng gรณi cแบฉn thแบญn. Sแบฝ แปงng hแป shop tiแบฟp แบก,[HN] Hแปp 10 gรณi x 20g NESCAFE Cร Phรช Sรด Cรด La
t*****2,5,"RON RANG UU DAI, THOAI MAI ALO! KM DUY NHAT 1 LAN KHI DANG KY GOI V50, tang ngay 100% goi cuoc goi (mien phi goi noi mang, 120 phut goi ngoai mang va 1200MB) su dung trong 30 ngay chi voi 60.000d. Soan DK V50 gui 242 . Thoi gian ap dung tu 14/7 den khi co thong bao moi. Chi tiet LH 789 (0d). Tran tr",[HN] Hแปp 10 gรณi x 20g NESCAFE Cร Phรช Sรด Cรด La
mnt0912,5,https://hsgs.edu.vn/index.php?option=com_content&view=article&id=1520%3Athong-bao-diem-trung-tuyen-vao-lop-10-chuyen-tuyen-sinh-clc-va-cac-mau-don&catid=64%3Atuyen-sinh-a-thi-thu&Itemid=120&lang=vi,[HN] Hแปp 10 gรณi x 20g NESCAFE Cร Phรช Sรด Cรด La
anhtoi1234,5,Nรดng trแบกi giแป รญt cรขy lแบกi rแปi k cรฒn ฤc xแบฃ lรกng nhฦฐ ngรy ฤแบงu dรนng hแบฟt kha khรก r ,[HN] Hแปp 10 gรณi x 20g NESCAFE Cร Phรช Sรด Cรด La
mykite1,5,Sแบฃn phแบฉm cแปงa trแปng cรขyyyyy ๐๐๐ uแปnggg ngon hฦกn loแบกi campuchino :)))))) giao hรnggggg nhanhh,[HN] Hแปp 10 gรณi x 20g NESCAFE Cร Phรช Sรด Cรด La
q*****h,5,Giao hรng nhanh. ฤรณng gรณi cแบฉn thแบญn. Cแบฃm ฦกn shop. Cแบฃm ฦกn shopeee ๐,[HN] Hแปp 10 gรณi x 20g NESCAFE Cร Phรช Sรด Cรด La
ddhanhh,5,"Cafe Thฦกm ngon 10 ฤiแปm, sau khi uแปng vแป nรy mรฌnh bแป nghiแปn cmnl ",[HN] Hแปp 10 gรณi x 20g NESCAFE Cร Phรช Sรด Cรด La
n*****g,5,Cร fee vแป sรด cรด la. Trแบป con cลฉng thรญch. Hรng y hรฌnh.giao nhanh.,[HN] Hแปp 10 gรณi x 20g NESCAFE Cร Phรช Sรด Cรด La
h*****9,5,Hแบญhgajbshsjahahvajqkhwgwhdvbzznbshsnwgahahwbsbsssb,[HN] Hแปp 10 gรณi x 20g NESCAFE Cร Phรช Sรด Cรด La
hanhmeo1112222,5,Nsnsnmmckwnnvmmdmdmnfnnannsncncnnanxnncmckwkskn kdiaijxjvjdkck,[HN] Hแปp 10 gรณi x 20g NESCAFE Cร Phรช Sรด Cรด La
dungngow,5,Trแปng cรขy vร mua ฤฦฐแปฃc sแบฃn  phแบฉm vแปi giรก 0 ฤ. Cafe ngon. Giao hรng nhanh. Cแบฃm ฦกn shop,[HN] Hแปp 10 gรณi x 20g NESCAFE Cร Phรช Sรด Cรด La
d*****7,5,Chฦกi nรดng trแบกi shopee trแปng ฤฦฐแปฃc nรชn khรดng mแบฅt ฤแปng nรo hแบฟt chแป mแบฅt phรญ ship thรดi ,[HN] Hแปp 10 gรณi x 20g NESCAFE Cร Phรช Sรด Cรด La
